Brand_ID,Menu_ID,Menu_Category,Item_Name,Description,Price,Availability
1,1,套餐,王品牛小排套餐,含主餐、氣泡飲、麵包、沙拉、湯、輕飲、甜點、飲料,1590,供應中
1,2,套餐,王品牛小排佐海大蝦套餐,含主餐、氣泡飲、麵包、沙拉、湯、輕飲、甜點、飲料,1590,供應中
1,3,套餐,嫩煎干貝佐松露菲力套餐,含主餐、氣泡飲、麵包、沙拉、湯、輕飲、甜點、飲料,1590,供應中
1,4,套餐,香烤豬大排套餐,含主餐、氣泡飲、麵包、沙拉、湯、輕飲、甜點、飲料,1590,供應中
1,5,套餐,王品牛小排佐嫩煎菲力套餐,含主餐、氣泡飲、麵包、沙拉、湯、輕飲、甜點、飲料,1790,供應中
1,6,套餐,澳洲和牛法式牛排套餐(限量),含主餐、氣泡飲、麵包、沙拉、湯、輕飲、甜點、飲料,1790,供應中
1,7,套餐,黑松露紐約客牛排套餐,含主餐、氣泡飲、麵包、沙拉、湯、輕飲、甜點、飲料,1790,供應中
1,8,套餐,法式小牛排佐海大蝦套餐,含主餐、氣泡飲、麵包、沙拉、湯、輕飲、甜點、飲料,1790,供應中
1,9,套餐,澳洲和牛嫩煎干貝套餐(限量),含主餐、氣泡飲、麵包、沙拉、湯、輕飲、甜點、飲料,1990,供應中
1,10,套餐,龍蝦佐嫩煎菲力套餐,含主餐、氣泡飲、麵包、沙拉、湯、輕飲、甜點、飲料,1990,供應中
1,11,套餐,龍蝦佐鮮蝦拼盤套餐,含主餐、氣泡飲、麵包、沙拉、湯、輕飲、甜點、飲料,1990,供應中
1,12,主餐,王品牛小排,無,1080,供應中
1,13,主餐,王品牛小排佐海大蝦,無,1080,供應中
1,14,主餐,嫩煎干貝佐松露菲力,無,1080,供應中
1,15,主餐,香烤豬大排,無,1080,供應中
1,16,主餐,王品牛小排佐嫩煎菲力,無,1280,供應中
1,17,主餐,澳洲和牛法式牛排(限量),無,1280,供應中
1,18,主餐,黑松露紐約客牛排,無,1280,供應中
1,19,主餐,法式小牛排佐海大蝦,無,1280,供應中
1,20,主餐,澳洲和牛嫩煎干貝(限量),無,1580,供應中
1,21,主餐,龍蝦佐嫩煎菲力,無,1580,供應中
1,22,主餐,龍蝦佐鮮蝦拼盤,無,1580,供應中
1,23,氣泡飲,餐前氣泡飲,無,120,供應中
1,24,麵包,烤麵包,無,120,供應中
1,25,沙拉,西瓜雪酪水果沙拉,無,180,供應中
1,26,沙拉,香煎鴨腿佐蘿美沙拉,無,180,供應中
1,27,沙拉,煙燻鮭魚佐鮮蝦,無,180,供應中
1,28,湯品,松露奶油蕈菇濃湯,無,180,供應中
1,29,湯品,起司南瓜酥皮濃湯,無,180,供應中
1,30,湯品,海鮮清湯,無,180,供應中
1,31,湯品,法式牛尾清湯,無,180,供應中
1,32,輕飲,酸梅湯（冰/熱）,無,120,供應中
1,33,甜點,熔岩巧克力冰淇淋,無,180,供應中
1,34,甜點,黑森林提拉米蘇千層,無,180,供應中
1,35,甜點,青蘋果白乳酪柚子塔,無,180,供應中
1,36,飲料,紅玉冷泡茶,無,180,供應中
1,37,飲料,鮮榨果汁,無,180,供應中
1,38,飲料,冰釀咖啡,無,180,供應中
1,39,飲料,手沖唐寧茶,無,180,供應中
1,40,飲料,耶加雪菲（日曬）,無,180,供應中
1,41,飲料,脆焦糖鮮奶茶,無,180,供應中
1,42,酒類,啤酒,無,150,供應中
1,43,酒類,紅酒,無,220,供應中
1,44,酒類,白酒,無,220,供應中
1,45,酒類,自備酒水,無,500,供應中
1,46,氣泡水,依雲法國氣泡礦泉水 750ml,無,220,供應中
1,47,氣泡水,維奇嘉泰蘭氣泡礦泉水 1000ml,無,250,供應中
2,1,套餐,原塊牛排套餐,含主餐、開胃品、沙拉、麵包/沙瓦、湯品、飲料,668,供應中
2,2,套餐,肉肉控鐵板牛排套餐,含主餐、開胃品、沙拉、麵包/沙瓦、湯品、飲料,668,供應中
2,3,套餐,紅酒燉牛肉套餐,含主餐、開胃品、沙拉、麵包/沙瓦、湯品、飲料,668,供應中
2,4,套餐,法式香煎鴨胸套餐,含主餐、開胃品、沙拉、麵包/沙瓦、湯品、飲料,668,供應中
2,5,套餐,BBQ燒烤豬肋排套餐,含主餐、開胃品、沙拉、麵包/沙瓦、湯品、飲料,668,供應中
2,6,套餐,威靈頓牛排套餐,含主餐、開胃品、沙拉、麵包/沙瓦、湯品、飲料,856,供應中
2,7,套餐,法蘭克牛排套餐,含主餐、開胃品、沙拉、麵包/沙瓦、湯品、飲料,836,供應中
2,8,套餐,霸氣海陸雙拼套餐,含主餐、開胃品、沙拉、麵包/沙瓦、湯品、飲料,826,供應中
2,9,套餐,雞腿英雄兒童套餐,含主餐、湯品、甜點/飲料,398,供應中
2,10,主餐,原塊牛排,7oz 原塊牛排,390,供應中
2,11,主餐,肉肉控鐵板牛排,8oz 肉肉控鐵板牛排,390,供應中
2,12,主餐,紅酒燉牛肉,6oz 紅酒燉牛肉,390,供應中
2,13,主餐,法式香煎鴨胸,香煎鴨胸配特製醬汁,390,供應中
2,14,主餐,BBQ燒烤豬肋排,特色 BBQ 醬燒烤豬肋排,390,供應中
2,15,主餐,威靈頓牛排,,390,供應中
2,16,主餐,法蘭克牛排,9oz 法蘭克牛排,390,供應中
2,17,主餐,霸氣海陸雙拼,碳烤牛排 + 鮮蝦 + 烤扇貝,390,供應中
2,18,開胃品,干貝鮮蝦佐咖哩優格醬,Shrimp with Scallops and Curry Yogurt Sauce,80,供應中
2,19,沙拉,牛肉火腿生菜沙拉,Vegetables Salad With Beef Ham (生菜依季節更替),80,供應中
2,20,沙拉,鮮蝦洋芋沙拉,Potato Salad With Shrimp,80,供應中
2,21,沙拉,時令水果沙拉,Fruit Salad (水果依季節更替),80,供應中
2,22,麵包/沙瓦,烤焗蘑菇 + 方塊麵包,Gratined Mushrooms + Bread Toasts,80,供應中
2,23,麵包/沙瓦,檸檬沙瓦,SAWA,30,供應中
2,24,湯品,蛤蜊巧達濃湯,Chowder,80,供應中
2,25,湯品,燻雞南瓜濃湯,Pumpkin Soup with Smoked Chicken,80,供應中
2,26,湯品,義式海鮮清湯,Seafood Consomme,80,供應中
2,27,甜點,檸檬巴斯克乳酪蛋糕,Lemon Basque Cheesecake,80,供應中
2,28,甜點,法式巧克力泡芙,Chocolate Puffs,80,供應中
2,29,甜點,焦糖烤布蕾,Brulee,80,供應中
2,30,飲料,奶蓋紅奶茶,Milk Tea With Cream,80,供應中
2,31,飲料,熱帶水果茶,Fruit Tea,80,供應中
2,32,飲料,繽盈香草茶 (無糖),Herbal Tea (Sugar-free),80,供應中
2,33,飲料,熱拿鐵,Latte,80,供應中
2,34,飲料,香柚梅醋氣泡飲,Grapefruit And Plum Vinegar Soda,80,供應中
2,35,飲料,布蕾香紅,Black Tea With Crème Brulee Powder,80,供應中
2,36,飲料,芭樂梅冰沙,Guava with Salted Plum Smoothie,80,供應中
2,37,飲料,蜜桃烏龍茶 (無糖),Peach Oolong Tea (Sugar-free),80,供應中
2,38,飲料,冰拿鐵,Latte,80,供應中
2,39,酒類,海尼根啤酒,Heineken Beer (330ml),110,供應中
2,40,酒類,智利紅魔鬼黑皮諾紅酒,Casillero del Diablo Pinot Noir (750ml),980,供應中
2,41,酒類,神采公雞卡本內蘇維濃紅酒,Cuatro Vientos Cabernet Sauvignon (750ml),680,供應中
2,42,酒類,義大利雷歐尼蘭布斯紅酒,Riunite Lambrusco (187ml),280,供應中
3,1,套餐,香蒜瓦片牛肉套餐,含主餐、沙拉、前菜、湯品、和食、甜點、飲料。,668,供應中
3,2,套餐,炙烤牛排佐自慢洋蔥醬套餐,含主餐、沙拉、前菜、湯品、和食、甜點、飲料。,668,供應中
3,3,套餐,酥烤金賞鴨胸套餐,含主餐、沙拉、前菜、湯品、和食、甜點、飲料。,668,供應中
3,4,套餐,黑糖醬燒豚排套餐,含主餐、沙拉、前菜、湯品、和食、甜點、飲料。,668,供應中
3,5,套餐,炙烤牛雞雙享套餐,含主餐、沙拉、前菜、湯品、和食、甜點、飲料。,668,供應中
3,6,套餐,香烤半雞套餐,含主餐、沙拉、前菜、湯品、和食、甜點、飲料。,668,供應中
3,7,套餐,酥烤魚排佐酸黃瓜堅果醬套餐,含主餐、沙拉、前菜、湯品、和食、甜點、飲料。,668,供應中
3,8,套餐,菲力牛排佐八丁赤味噌套餐,含主餐、沙拉、前菜、湯品、和食、甜點、飲料。,836,供應中
3,9,套餐,鮮烤名物海陸雙拼套餐,含主餐、沙拉、前菜、湯品、和食、甜點、飲料。,867,供應中
3,10,套餐,淘氣小屋餐,含淘氣主餐、蔬果沙拉、揚物、樹頂蘋果汁。,288,供應中
3,11,套餐,蔬食套餐,含主餐、沙拉、前菜、湯品、和食、甜點、飲料。,668,供應中
3,12,主餐,香蒜瓦片牛肉,無,420,供應中
3,13,主餐,炙烤牛排佐自慢洋蔥醬,無,420,供應中
3,14,主餐,酥烤金賞鴨胸,無,420,供應中
3,15,主餐,黑糖醬燒豚排,無,420,供應中
3,16,主餐,炙烤牛雞雙享,無,420,供應中
3,17,主餐,香烤半雞,無,420,供應中
3,18,主餐,酥烤魚排佐酸黃瓜堅果醬,無,420,供應中
3,19,主餐,菲力牛排佐八丁赤味噌,無,588,供應中
3,20,主餐,鮮烤名物海陸雙拼,極選牛排、北海道生食級干貝,619,供應中
3,21,主餐,陶板蔬食,無,420,供應中
3,22,主餐,淘氣雞主餐,無,200,供應中
3,23,沙拉,燻鴨胸胡麻沙拉,經典胡麻醬搭配燻鴨胸,130,供應中
3,24,沙拉,焗牛肉鮮蔬溫沙拉,溫沙拉搭配焗牛肉,130,供應中
3,25,沙拉,季節鮮果沙拉盅,精選當季水果沙拉,130,供應中
3,26,沙拉,蔬果沙拉,淘氣小屋餐沙拉,60,供應中
3,27,揚物,揚物,無,60,供應中
3,28,前菜,醬燒杏鮑菇,杏鮑菇醬燒處理,130,供應中
3,29,前菜,海鮮茶碗蒸,日式茶碗蒸加入海鮮,130,供應中
3,30,湯品,沖繩旨味海鮮湯,沖繩風味的海鮮湯,130,供應中
3,31,湯品,輕蔬牛肉湯,清爽的牛肉湯,130,供應中
3,32,湯品,南瓜濃湯佐培根麵包,南瓜濃湯搭配培根麵包,130,供應中
3,33,湯品,主廚例湯,無,130,供應中
3,34,和食,究極鮭魚親子炊飯,精選炊飯搭配鮭魚與親子醬,130,供應中
3,35,和食,起司牛肉炊飯,起司與牛肉完美結合炊飯,130,供應中
3,36,和食,日式烏龍冷麵,無,130,供應中
3,37,甜點,冷月紫米,無,130,供應中
3,38,甜點,黑糖琥珀冰淇淋,無,130,供應中
3,39,甜點,蜜蜜黑糖奶酪,無,130,供應中
3,40,飲料,冰耶加雪菲,無,130,供應中
3,41,飲料,夏日芒果鳳梨果粒茶,無,130,供應中
3,42,飲料,逸品香醇奶茶,無,130,供應中
3,43,飲料,熱耶加雪菲,無,130,供應中
3,44,飲料,黑米國寶茶,無,130,供應中
3,45,飲料,日式玄米鹹奶茶,無,130,供應中
3,46,飲料,樹頂蘋果汁,無,60,供應中
3,47,酒類,朝日啤酒,無,130,供應中
3,48,酒類,八重垣純米清酒,無,280,供應中
4,1,套餐,肋眼牛雙人套餐,含肉品(肋眼牛排、極上牛肋條、安格斯翼板牛、雪花板腱牛、松阪豬、嚴選豬五花、去骨雞腿共21oz)、海鮮(草蝦2隻、干貝2顆、魷魚或鯖魚)、野菜、漬物、主廚烤物、沙拉、主食、甜點及飲品,2098,供應中
4,2,套餐,澳洲和牛雙人套餐,含肉品(含澳洲和牛翼板牛排、澳洲和牛雪花、澳洲和牛角切、澳洲和牛胸腹、雪花板腱牛、伊比利豬梅花、嚴選鴨胸、去骨雞腿共23oz)、海鮮(草蝦2隻、干貝2顆、魷魚或鯖魚)、野菜、漬物、主廚烤物、沙拉、主食、甜點及飲品,2598,供應中
4,3,套餐,經典豚套餐,含肉品(伊比利豬梅花、松阪豬、嚴選豬梅花、嚴選豬五花、嚴選鴨胸、去骨雞腿共10oz)、野菜、漬物、主廚烤物、沙拉、主食、甜點及飲品,698,供應中
4,4,套餐,極品牛套餐,含肉品(含安格斯肩小排、極上牛肋條、雪花板腱牛、嚴選胸腹牛)、野菜、漬物、主廚烤物、沙拉、主食、甜點及飲品,698,供應中
4,5,肉品,壺漬牛,,128,供應中
4,6,肉品,嚴選胸腹牛,,188,供應中
4,7,肉品,雪花板腱牛,,218,供應中
4,8,肉品,極上牛肋條,,218,供應中
4,9,肉品,特選橫膈膜,,238,供應中
4,10,肉品,鹽漬牛舌,,328,供應中
4,11,肉品,安格斯小排,,398,供應中
4,12,肉品,澳洲和牛雪花,,398,供應中
4,13,肉品,澳洲和牛板腱,,398,供應中
4,14,肉品,壺漬豬,,128,供應中
4,15,肉品,嚴選豬梅花,,148,供應中
4,16,肉品,嚴選豬五花,,148,供應中
4,17,肉品,松阪豬,,168,供應中
4,18,肉品,伊比利豬梅花,,198,供應中
4,19,肉品,戰斧豬,,228,供應中
4,20,肉品,去骨雞腿,,99,供應中
4,21,肉品,嚴選鴨胸,,109,供應中
4,22,海鮮,干貝 (2顆),,109,供應中
4,23,海鮮,生食級干貝 (1顆),,128,供應中
4,24,海鮮,檸檬鹽鯖魚,,128,供應中
4,25,海鮮,大西洋鮭魚,,158,供應中
4,26,海鮮,鮮魚,,168,供應中
4,27,海鮮,草蝦 (1隻),,68,供應中
4,28,海鮮,草蝦 (2隻),,118,供應中
4,29,沙拉,胡麻鮮蔬沙拉,,98,供應中
4,30,沙拉,果香油醋沙拉,,98,供應中
4,31,野菜,香菇,,68,供應中
4,32,野菜,玉米,,68,供應中
4,33,野菜,杏鮑菇,,68,供應中
4,34,野菜,山藥,,68,供應中
4,35,野菜,櫛瓜,,88,供應中
4,36,野菜,玉米筍,,88,供應中
4,37,主食,越光米,,38,供應中
4,38,主食,蒜香奶油,,108,供應中
4,39,主食,豬肉石鍋飯,,108,供應中
4,40,主食,月見牛肉石鍋飯,,108,供應中
4,41,主食,海の蔬寶粥,,128,供應中
4,42,甜點,萬丹紅豆湯,,58,供應中
4,43,甜點,黑糖鮮奶酪,,58,供應中
4,44,甜點,盆栽香草冰淇淋,,58,供應中
4,45,飲品,蘋果醋,,60,供應中
4,46,飲品,檸檬蘆薈冰沙,,60,供應中
4,47,飲品,優酪乳酸飲,,60,供應中
4,48,飲品,金萱烏龍,,60,供應中
4,49,酒類,海尼根啤酒,,99,供應中
4,50,酒類,ASAHI啤酒,,99,供應中
4,51,酒類,藏元梅酒,,168,供應中
4,52,丼飯,醬燒雞腿丼,,169,供應中
4,53,丼飯,醬燒牛五花丼,,179,供應中
4,54,丼飯,醬燒豬雞丼,,189,供應中
4,55,丼飯,炙燒餃子牛丼,,199,供應中
4,56,丼飯,炙燒牛排雞腿丼,,199,供應中
4,57,沙拉,炙燒牛排雞腿沙拉,,199,供應中
4,58,飲品,鹿兒島綠茶,,30,供應中
4,59,加購,白飯,,20,供應中
4,60,加購,炙燒雞腿,,49,供應中
4,61,加購,牛五花,,59,供應中
4,62,加購,餃子牛,,69,供應中
4,63,醃物,醃漬大根,,35,供應中
4,64,醃物,蔥鹽醬,,35,供應中
4,65,醃物,韓式泡菜,,35,供應中
5,1,湯頭,激辛麻辣鍋,,69,供應中
5,2,湯頭,北海道昆布湯,,0,供應中
5,3,湯頭,元氣鮮菇湯,,69,供應中
5,4,湯頭,札幌熊起司牛奶湯,,69,供應中
5,5,湯頭,仙台風辛味噌湯,,69,供應中
5,6,湯頭,關東風壽喜燒湯,,69,供應中
5,7,主食,雙人牛豬雙拼瀑布聚,,1288,供應中
5,8,主食,雙人牛肉瀑布聚,,1188,供應中
5,9,主食,雙人豬肉瀑布聚,,1388,供應中
5,10,主食,雙人雙牛瀑布聚,,1688,供應中
5,11,主食,雙人海陸瀑布聚(豬),特選海鮮+雪花豬肉,1298,供應中
5,12,主食,雙人海陸瀑布聚(牛),特選海鮮+雪花牛肉,1398,供應中
5,13,主食,頂級雙人海陸瀑布聚,特選海鮮+翼板牛肉,1698,供應中
5,14,主食,金多蝦雙人海陸瀑布聚(豬),鮮蝦+草蝦+雪花豬肉,1498,供應中
5,15,主食,金多蝦雙人海陸瀑布聚(牛),鮮蝦+草蝦+雪花牛肉,1598,供應中
5,16,主食,翼板牛肉,,638,供應中
5,17,主食,雪花牛肉,,448,供應中
5,18,主食,雪花牛肉(大),,548,供應中
5,19,主食,板腱牛肉,,498,供應中
5,20,主食,板腱牛肉(大),,598,供應中
5,21,主食,豪牛雙拼,,578,供應中
5,22,主食,極上霜降和牛,,668,供應中
5,23,主食,雪花豬肉,,398,供應中
5,24,主食,雪花豬肉(大),,498,供應中
5,25,主食,國產梅花豬,,448,供應中
5,26,主食,國產梅花豬(大),,548,供應中
5,27,主食,牛豬雙拼,,458,供應中
5,28,主食,滑嫩雞腿肉,,448,供應中
5,29,主食,嫩肩羔羊,,558,供應中
5,30,主食,個人海鮮總匯,北海道干貝+鮑魚+扇貝+淡菜+草蝦+鮮蝦+蛤蜊+3種精選魚片,628,供應中
5,31,主食,獨享海陸聚(豬),鮮魷+鮮蝦+蛤蜊+2種魚片+雪花豬肉,478,供應中
5,32,主食,獨享海陸聚(雪花牛),鮮魷+鮮蝦+蛤蜊+2種魚片+雪花牛肉,488,供應中
5,33,主食,獨享海陸聚(板腱牛),鮮魷+鮮蝦+蛤蜊+2種魚片+板腱牛肉,498,供應中
5,34,主食,魷魷海鮮拼盤,鮮魷+鮮蝦+蛤蜊+2種魚片,448,供應中
5,35,主食,魚片鮮蝦拼盤,鮮魷+鮮蝦+蛤蜊+魚片,468,供應中
5,36,主食,特盛魚片拼盤,精選4種魚片,448,供應中
5,37,主食,鮮蝦蛤蠣拼盤,草蝦+鮮蝦+蛤蜊,488,供應中
5,38,主食,北海道干貝總匯,北海道干貝+草蝦+魚片+鮮蝦+蛤蜊,598,供應中
5,39,單品,雪花豬肉,100g,128,供應中
5,40,單品,國產豬梅花,150g,168,供應中
5,41,單品,羊肩肩煎羊,150g,198,供應中
5,42,單品,雪花牛肉,100g,138,供應中
5,43,單品,板腱牛肉,150g,138,供應中
5,44,單品,翼板牛肉,150g,288,供應中
5,45,單品,極上霜降和牛,150g,398,供應中
5,46,單品,魚片,100g,128,供應中
5,47,單品,蛤蜊,18顆,148,供應中
5,48,單品,鮮蝦,8隻,148,供應中
5,49,單品,草蝦,4隻,208,供應中
5,50,單品,北海道干貝,4顆,208,供應中
5,51,單品,魷魷魚片拼盤,魷魚1隻+魚片80g,168,供應中
5,52,單品,海鮮漿,2管,108,供應中
5,53,單品,鮮雞蛋,1顆,20,供應中
5,54,酒類,SAPPORO生啤酒,350ml,58,供應中
5,55,酒類,Sour三沙瓦,350ml (梅子風味、水蜜桃風味),68,供應中
5,56,酒類,昆布梅酒(杯),100ml,188,供應中
5,57,酒類,昆布梅酒(瓶),720ml,1468,供應中
5,58,酒類,大雪純米吟釀,300ml,668,供應中
6,1,套餐,名物套餐,含名物強肴、湯物、先付、500元刺身/烤物、食事任選、甘物任選、飲品,1380,供應中
6,2,套餐,極上套餐,含極上強肴、湯物、先付、500元刺身/烤物、170元食事、甘物任選、飲品,980,供應中
6,3,套餐,經典套餐,含岩燒強肴、湯物、先付、310元刺身/烤物、170元食事、170元甘物、飲品,780,供應中
6,4,湯物,旨味鮮燉土瓶蒸,,170,供應中
6,5,先付,蟹肉佐白蘆筍奶油吐司,蟹肉/白蘆筍/羊乳酪,170,供應中
6,6,先付,燻鮭魚番茄佐優格醬,,170,供應中
6,7,先付,深海魚皮野蔬沙拉佐醋醬,,170,供應中
6,8,刺身/烤物,鮪魚刺身盛宴,,500,供應中
6,9,刺身/烤物,塩烤午仔魚一夜干,,500,供應中
6,10,名物強肴,御品日本和牛盛合岩板燒,,900,供應中
6,11,名物強肴,京都和牛盛合壽喜燒,,900,供應中
6,12,極上強肴,吟の極上和牛盛合,,550,供應中
6,13,極上強肴,藝奇和牛岩板燒,,550,供應中
6,14,極上強肴,石燒羊肩排佐日式炭燒醬,,550,供應中
6,15,極上強肴,明太子軟絲佐香烤紅蝦,,550,供應中
6,16,岩燒強肴,美國冷藏熟成霜降牛,,410,供應中
6,17,岩燒強肴,稻香嫩肩豚石板燒,,410,供應中
6,18,岩燒強肴,御選旨味櫻桃鴨,,410,供應中
6,19,岩燒強肴,嫩肩殼牛箬竹燒,,410,供應中
6,20,食事,現炊蕈菇釜飯,,170,供應中
6,21,食事,和牛盛合釜飯,,300,供應中
6,22,甘物,手づくり日式布丁,,170,供應中
6,23,甘物,靜岡抹茶巴菲,,250,供應中
6,24,甘物,柚香芒果豆腐冰淇淋,,250,供應中
6,25,飲品,抹茶海鹽奶蓋,,150,供應中
6,26,飲品,鮮榨鳳梨苦瓜汁,,150,供應中
6,27,飲品,檸檬海鹽氣泡飲,,150,供應中
6,28,飲品,雲盞炙火熟奶茶,,150,供應中
6,29,飲品,深焙曼巴咖啡（熱）,,150,供應中
6,30,飲品,東方美人茶（熱）,,150,供應中
7,1,套餐,新香榭鐵板燒套餐,含前菜、熱前菜、主廚湯品、嚴選沙拉、餐前飲品、720元經典主餐、特色美食、精緻甜點、特調飲品,1190,供應中
7,2,套餐,夢幻和牛套餐,含前菜、熱前菜、主廚湯品、嚴選沙拉、餐前飲品、美味海鮮、950元經典主餐、特色美食、精緻甜點、特調飲品,1388,供應中
7,3,前菜,帕馬森起司麵包,,140,供應中
7,4,熱前菜,檸檬奶油鮮蝦&松露蒸蛋,,140,供應中
7,5,主廚湯品,鮮魚海鮮清湯,NEW,140,供應中
7,6,主廚湯品,牛肝菌野菇濃湯,NEW,140,供應中
7,7,主廚湯品,法式洋蔥起司湯,,140,供應中
7,8,嚴選沙拉,南法鮮蝦沙拉,,140,供應中
7,9,嚴選沙拉,季節鮮果沙拉,,140,供應中
7,10,嚴選沙拉,松露百菇溫沙拉,,140,供應中
7,11,餐前飲品,檸檬 Sorbet,,140,供應中
7,12,美味海鮮,北海道干貝&海大蝦,,398,供應中
7,13,美味海鮮,波士頓龍蝦,半隻,398,供應中
7,14,經典主餐,香煎和牛,,950,供應中
7,15,經典主餐,煙燻紅椒伊比利豬,,950,供應中
7,16,經典主餐,白蘭地鴨胸,,720,供應中
7,17,經典主餐,嫩煎松露菲力,,720,供應中
7,18,經典主餐,燻煎安格斯和紐約客,NEW,720,供應中
7,19,經典主餐,香煎牛小排,,720,供應中
7,20,經典主餐,松露雞排雙重奏·海鮮,NEW,720,供應中
7,21,經典主餐,法式嫩煎羊排,,720,供應中
7,22,經典主餐,蘋果松阪豬,,720,供應中
7,23,特色美食,夏慕尼櫻花蝦炒飯,,190,供應中
7,24,精緻甜點,法式蒙布朗,,140,供應中
7,25,精緻甜點,蘿之花焦糖布蕾,NEW,140,供應中
7,26,精緻甜點,草莓香檸塔,,140,供應中
7,27,特調飲品,海鹽烏龍奶茶,NEW,140,供應中
7,28,特調飲品,接骨木葡萄氣泡飲,,140,供應中
7,29,特調飲品,提拉米蘇冰咖啡,,140,供應中
7,30,特調飲品,熱帶水果茶,,140,供應中
7,31,特調飲品,悠活舒緩茶,,140,供應中
7,32,特調飲品,台茶紅玉 18 號,,140,供應中
7,33,特調飲品,耶加雪菲咖啡,,140,供應中
8,1,鍋賞,味噌鮮蔬雞肉鍋,含主餐、漬物、日式蒸蛋、越光米飯、甜點、高麗菜絲、飲料,398,供應中
8,2,鍋賞,柚香胡椒地雞豬排鍋,含主餐、漬物、日式蒸蛋、越光米飯、甜點、高麗菜絲、飲料,398,供應中
8,3,主餐,厚切腰內豬排,含主餐、漬物、味噌湯、日式蒸蛋、越光米飯、甜點、高麗菜絲、飲料,398,供應中
8,4,主餐,海老黃金豬排佐塔塔醬,含主餐、漬物、味噌湯、日式蒸蛋、越光米飯、甜點、高麗菜絲、飲料,398,供應中
8,5,主餐,黃金豬排辛奇部隊鍋,含主餐、漬物、味噌湯、日式蒸蛋、越光米飯、甜點、高麗菜絲、飲料,398,供應中
8,6,主餐,魷魚豬排燒,含主餐、漬物、味噌湯、日式蒸蛋、越光米飯、甜點、高麗菜絲、飲料,398,供應中
8,7,主餐,醬烤味噌豬排,含主餐、漬物、味噌湯、日式蒸蛋、越光米飯、甜點、高麗菜絲、飲料,398,供應中
9,1,湯底,石頭鍋,,0,供應中
9,2,湯底,涮涮鍋,,0,供應中
9,3,湯底,辛香辣姊鍋,,30,供應中
9,4,湯底,蒜香胡椒鍋,,39,供應中
9,5,湯底,金湯酸菜鍋,限定加購鮮魚片 +65,49,供應中
9,6,經典主餐,牛豬雙拼,雪花牛+上選豬肉，肉加量+39,248,供應中
9,7,經典主餐,豬魚雙饗,上選豬+雕魚，肉加量+39,278,供應中
9,8,經典主餐,豬蛤雙饗,上選豬+蛤蜊，肉加量+39,278,供應中
9,9,經典主餐,海陸三響-豬,上選豬+大白蝦+鯛魚，肉加量+39,278,供應中
9,10,經典主餐,牛魚雙饗,雪花牛+鯛魚，肉加量+39,288,供應中
9,11,經典主餐,牛蛤雙響,雪花牛+蛤蜊，肉加量+39,288,供應中
9,12,經典主餐,海陸三響-牛,雪花牛+大白蝦+鯛魚，肉加量+39,288,供應中
9,13,經典主餐,上選豬肉,肉量升級+49 ，肉加量+39,238,供應中
9,14,經典主餐,雪花牛肉,肉量升級+49 ，肉加量+39,258,供應中
9,15,經典主餐,國產安心雞腿,肉加量+39,258,供應中
9,16,經典主餐,嫩煎帶皮鯛魚,肉加量+39,278,供應中
9,17,經典主餐,紐西蘭小羔羊,肉加量+39,278,供應中
9,18,經典主餐,上選嫩肩牛肉,肉加量+39,298,供應中
9,19,蔬食,鮮菇蔬食鍋,含蔬食湯鍋、主餐、全蔬食菜盤、副餐、飲料,248,供應中
9,20,副餐,冬粉,,0,供應中
9,21,副餐,白飯,,0,供應中
9,22,副餐,洗選蛋,,3,供應中
9,23,副餐,烏龍麵,,3,供應中
9,24,副餐,泡麵,,13,供應中
9,25,副餐,滷肉飯,,13,供應中
9,26,超值加價購,石鍋好朋友,,39,供應中
9,27,超值加價購,紐西蘭小羔羊,,69,供應中
9,28,超值加價購,蛤蜊,,79,供應中
9,29,加點丸子,高雄小黑輪,,29,供應中
9,30,加點丸子,米血,,29,供應中
9,31,加點丸子,魚餃,,29,供應中
9,32,加點丸子,水晶餃,,29,供應中
9,33,加點丸子,蛋餃,,39,供應中
9,34,加點丸子,燕餃,,39,供應中
9,35,加點丸子,蝦餃,,39,供應中
9,36,加點丸子,爆漿吉士燒,,39,供應中
9,37,加點丸子,百頁魚豆腐,,39,供應中
9,38,加點丸子,九層塔花枝燒,,39,供應中
9,39,加點丸子,Q彈香菇丸,,45,供應中
9,40,加點丸子,3Q丸餃盤,,49,供應中
9,41,加點丸子,丸子三兄弟,,49,供應中
9,42,加點丸子,餃餃者拼盤,,49,供應中
9,43,加點丸子,石鍋好朋友,,49,供應中
9,44,加點丸子,油條,,49,供應中
9,45,加點丸子,香辣魚豆腐,,59,供應中
9,46,加點丸子,蝦爆起司丸,,59,供應中
9,47,加點丸子,爆濃海鮮球,,59,供應中
9,48,加點丸子,石二鍋牛肉丸,,59,供應中
9,49,加點丸子,芋香貢丸,,59,供應中
9,50,加點丸子,排骨酥,,59,供應中
9,51,加點蔬菜,高麗菜,,29,供應中
9,52,加點蔬菜,金針菇,,29,供應中
9,53,加點蔬菜,紅蘿蔔,,29,供應中
9,54,加點蔬菜,雲耳,,35,供應中
9,55,加點蔬菜,杏鮑菇,,35,供應中
9,56,加點蔬菜,鴻喜菇,,35,供應中
9,57,加點蔬菜,雪白菇,,35,供應中
9,58,加點蔬菜,舞菇,,39,供應中
9,59,加點蔬菜,季節時蔬,,39,供應中
9,60,加點蔬菜,牛蕃茄,,39,供應中
9,61,加點蔬菜,玉米,,39,供應中
9,62,加點蔬菜,芋頭,,39,供應中
9,63,加點蔬菜,玉米筍,,49,供應中
9,64,加點蔬菜,好菇拼盤,,59,供應中
9,65,加點肉品,上選豬肉,,69,供應中
9,66,加點肉品,雪花牛肉,,79,供應中
9,67,加點肉品,西班牙橄欖豬,,79,供應中
9,68,加點肉品,紐西蘭小羔羊,,79,供應中
9,69,加點肉品,上選嫩肩牛肉,,89,供應中
9,70,加點肉品,國產安心雞腿,,99,供應中
9,71,加點海鮮,鮮嫩帶皮鯛魚,,79,供應中
9,72,加點海鮮,大白蝦,,99,供應中
9,73,加點海鮮,蛤蜊,,99,供應中
9,74,加點副餐,冬粉,,12,供應中
9,75,加點副餐,白飯（留胚米）,,12,供應中
9,76,加點副餐,洗選蛋,,15,供應中
9,77,加點副餐,烏龍麵,,15,供應中
9,78,加點副餐,泡麵,,25,供應中
9,79,加點副餐,滷肉飯,,25,供應中
14,1,超值鍋物,金湯酸菜魚,附白飯、季節冰沙、紅茶,199,供應中
14,2,超值鍋物,mini原味鍋,附白飯、季節冰沙、紅茶,149,供應中
14,3,超值鍋物,日式海苔鍋,附白飯、季節冰沙、紅茶,159,供應中
14,4,超值鍋物,小紅番茄鍋,附白飯、季節冰沙、紅茶,169,供應中
14,5,超值鍋物,酸白菜鍋,附白飯、季節冰沙、紅茶,169,供應中
14,6,超值鍋物,功夫沙茶鍋,附白飯、季節冰沙、紅茶,169,供應中
14,7,超值鍋物,起司奶奶鍋,附白飯、季節冰沙、紅茶,199,供應中
14,8,超值鍋物,大漢玫然鍋,附白飯、季節冰沙、紅茶,149,供應中
14,9,超值鍋物,剝皮辣椒鍋,附白飯、季節冰沙、紅茶,179,供應中
14,10,超值鍋物,胡椒大骨鍋,附白飯、季節冰沙、紅茶,189,供應中
14,11,超值鍋物,歐巴泡菜鍋,附白飯、季節冰沙、紅茶,179,供應中
14,12,超值鍋物,泰式酸辣鍋,附白飯、季節冰沙、紅茶,189,供應中
14,13,超值鍋物,肉骨茶風味鍋,附白飯、季節冰沙、紅茶,199,供應中
17,1,固定湯底,干貝昆布湯,,0,供應中
17,2,選擇湯底,九州蒜味湯,精心打造的鮮香白湯，加上獨特蒜酥炸過的蒜頭，香氣十足。,29,供應中
17,3,選擇湯底,一番鮮牛湯,嚴選和風牛肉湯底，融入蔬菜的鮮甜滋味，並加入特製和牛油提香，清淡爽口。,29,供應中
17,4,選擇湯底,味噌雞白湯,日式味噌結合特製的雞白湯底，入魂帶有風味，湯肉鮮甜。,29,供應中
17,5,選擇湯底,椒香麻辣湯,多款辣椒、辛香料大火炒香後覆下湯裡而多層次的香辣滋味。,29,供應中
17,6,選擇湯底,蕃茄昆布湯,以日式昆布湯底搭配鮮甜蕃茄，添加多種香料調配，湯頭鮮香酸甜回味無窮。,29,供應中
17,7,午間套餐,究極和牛饗宴-成人,日本A5頂級和牛極霜、日本A5頂級和牛霜降、日本A5頂級和牛雪花、澳洲金牌純血和牛、極上和牛霜降（澳洲）、極上和牛雪花（澳洲）、極上和牛胸腹肉（美國/澳洲）、安格斯霜降牛（美國/澳洲）、安格斯牛雪花（美國/澳洲）、國產脆皮豬五花、梅花豬肉、國產滑嫩雞腿肉,1880,供應中
17,8,午間套餐,究極和牛饗宴-兒童/銀髮,日本A5頂級和牛極霜、日本A5頂級和牛霜降、日本A6頂級和牛雪花、澳洲金牌純血和牛、極上和牛霜降（澳洲）、極上和牛雪花（澳洲）、極上和牛胸腹肉（美國/澳洲）、安格斯霜降牛（美國/澳洲）、安格斯牛雪花（美國/澳洲）、國產脆皮豬五花、梅花豬肉、國產滑嫩雞腿肉,1780,供應中
17,9,午間套餐,究極和牛饗宴-幼兒,日本A5頂級和牛極霜、日本A5頂級和牛霜降、日本A7頂級和牛雪花、澳洲金牌純血和牛、極上和牛霜降（澳洲）、極上和牛雪花（澳洲）、極上和牛胸腹肉（美國/澳洲）、安格斯霜降牛（美國/澳洲）、安格斯牛雪花（美國/澳洲）、國產脆皮豬五花、梅花豬肉、國產滑嫩雞腿肉,599,供應中
17,10,午間套餐,頂級和牛套餐-成人,澳洲金牌純血和牛、極上和牛霜降（澳洲）、極上和牛雪花（澳洲）、極上和牛胸腹肉（美國/澳洲）、安格斯霜降牛（美國/澳洲）、安格斯牛雪花（美國/澳洲）、國產脆皮豬五花、梅花豬肉、國產滑嫩雞腿肉,858,供應中
17,11,午間套餐,頂級和牛套餐-兒童/銀髮,澳洲金牌純血和牛、極上和牛霜降（澳洲）、極上和牛雪花（澳洲）、極上和牛胸腹肉（美國/澳洲）、安格斯霜降牛（美國/澳洲）、安格斯牛雪花（美國/澳洲）、國產脆皮豬五花、梅花豬肉、國產滑嫩雞腿肉,808,供應中
17,12,午間套餐,頂級和牛套餐-幼兒,澳洲金牌純血和牛、極上和牛霜降（澳洲）、極上和牛雪花（澳洲）、極上和牛胸腹肉（美國/澳洲）、安格斯霜降牛（美國/澳洲）、安格斯牛雪花（美國/澳洲）、國產脆皮豬五花、梅花豬肉、國產滑嫩雞腿肉,259,供應中
17,13,午間套餐,極上和牛套餐-成人,極上和牛雪花（澳洲）、極上和牛胸腹肉（美國/澳洲）、安格斯牛雪花（美國/澳洲）、安格斯霜降牛（美國/澳洲）、國產脆皮豬五花、梅花豬肉、國產滑嫩雞腿肉,768,供應中
17,14,午間套餐,極上和牛套餐-兒童/銀髮,極上和牛雪花（澳洲）、極上和牛胸腹肉（美國/澳洲）、安格斯牛雪花（美國/澳洲）、安格斯霜降牛（美國/澳洲）、國產脆皮豬五花、梅花豬肉、國產滑嫩雞腿肉,718,供應中
17,15,午間套餐,極上和牛套餐-幼兒,極上和牛雪花（澳洲）、極上和牛胸腹肉（美國/澳洲）、安格斯牛雪花（美國/澳洲）、安格斯霜降牛（美國/澳洲）、國產脆皮豬五花、梅花豬肉、國產滑嫩雞腿肉,239,供應中
17,16,午間套餐,只要安格斯套餐-成人,安格斯牛雪花（美國/澳洲）、安格斯霜降牛（美國/澳洲）、國產脆皮豬五花、梅花豬肉、國產滑嫩雞腿肉,568,供應中
17,17,午間套餐,只要安格斯套餐-兒童/銀髮,安格斯牛雪花（美國/澳洲）、安格斯霜降牛（美國/澳洲）、國產脆皮豬五花、梅花豬肉、國產滑嫩雞腿肉,518,供應中
17,18,午間套餐,只要安格斯套餐-幼兒,安格斯牛雪花（美國/澳洲）、安格斯霜降牛（美國/澳洲）、國產脆皮豬五花、梅花豬肉、國產滑嫩雞腿肉,229,供應中
17,19,午間套餐,特賞雞豚套餐-成人,國產脆皮豬五花、梅花豬肉、國產滑嫩雞腿肉,458,供應中
17,20,午間套餐,特賞雞豚套餐-兒童/銀髮,國產脆皮豬五花、梅花豬肉、國產滑嫩雞腿肉,408,供應中
17,21,午間套餐,特賞雞豚套餐-幼兒,國產脆皮豬五花、梅花豬肉、國產滑嫩雞腿肉,229,供應中
17,22,晚間套餐,究極和牛饗宴-成人,日本A5頂級和牛極霜、日本A5頂級和牛霜降、日本A5頂級和牛雪花、澳洲金牌純血和牛、極上和牛霜降（澳洲）、極上和牛雪花（澳洲）、極上和牛胸腹肉（美國/澳洲）、安格斯霜降牛（美國/澳洲）、安格斯牛雪花（美國/澳洲）、國產脆皮豬五花、梅花豬肉、國產滑嫩雞腿肉,1880,供應中
17,23,晚間套餐,究極和牛饗宴-孩童/銀髮,日本A5頂級和牛極霜、日本A5頂級和牛霜降、日本A6頂級和牛雪花、澳洲金牌純血和牛、極上和牛霜降（澳洲）、極上和牛雪花（澳洲）、極上和牛胸腹肉（美國/澳洲）、安格斯霜降牛（美國/澳洲）、安格斯牛雪花（美國/澳洲）、國產脆皮豬五花、梅花豬肉、國產滑嫩雞腿肉,1780,供應中
17,24,晚間套餐,究極和牛饗宴-幼兒,日本A5頂級和牛極霜、日本A5頂級和牛霜降、日本A7頂級和牛雪花、澳洲金牌純血和牛、極上和牛霜降（澳洲）、極上和牛雪花（澳洲）、極上和牛胸腹肉（美國/澳洲）、安格斯霜降牛（美國/澳洲）、安格斯牛雪花（美國/澳洲）、國產脆皮豬五花、梅花豬肉、國產滑嫩雞腿肉,599,供應中
17,25,晚間套餐,頂級和牛套餐-成人,澳洲金牌純血和牛、極上和牛霜降（澳洲）、極上和牛雪花（澳洲）、極上和牛胸腹肉（美國/澳洲）、安格斯霜降牛（美國/澳洲）、安格斯牛雪花（美國/澳洲）、國產脆皮豬五花、梅花豬肉、國產滑嫩雞腿肉,858,供應中
17,26,晚間套餐,頂級和牛套餐-孩童/銀髮,澳洲金牌純血和牛、極上和牛霜降（澳洲）、極上和牛雪花（澳洲）、極上和牛胸腹肉（美國/澳洲）、安格斯霜降牛（美國/澳洲）、安格斯牛雪花（美國/澳洲）、國產脆皮豬五花、梅花豬肉、國產滑嫩雞腿肉,808,供應中
17,27,晚間套餐,頂級和牛套餐-幼兒,澳洲金牌純血和牛、極上和牛霜降（澳洲）、極上和牛雪花（澳洲）、極上和牛胸腹肉（美國/澳洲）、安格斯霜降牛（美國/澳洲）、安格斯牛雪花（美國/澳洲）、國產脆皮豬五花、梅花豬肉、國產滑嫩雞腿肉,259,供應中
17,28,晚間套餐,極上和牛套餐-成人,極上和牛雪花（澳洲）、極上和牛胸腹肉（美國/澳洲）、安格斯牛雪花（美國/澳洲）、安格斯霜降牛（美國/澳洲）、國產脆皮豬五花、梅花豬肉、國產滑嫩雞腿肉,768,供應中
17,29,晚間套餐,極上和牛套餐-孩童/銀髮,極上和牛雪花（澳洲）、極上和牛胸腹肉（美國/澳洲）、安格斯牛雪花（美國/澳洲）、安格斯霜降牛（美國/澳洲）、國產脆皮豬五花、梅花豬肉、國產滑嫩雞腿肉,718,供應中
17,30,晚間套餐,極上和牛套餐-幼兒,極上和牛雪花（澳洲）、極上和牛胸腹肉（美國/澳洲）、安格斯牛雪花（美國/澳洲）、安格斯霜降牛（美國/澳洲）、國產脆皮豬五花、梅花豬肉、國產滑嫩雞腿肉,239,供應中
17,31,晚間套餐,只要安格斯套餐-成人,安格斯牛雪花（美國/澳洲）、安格斯霜降牛（美國/澳洲）、國產脆皮豬五花、梅花豬肉、國產滑嫩雞腿肉,598,供應中
17,32,晚間套餐,只要安格斯套餐-孩童/銀髮,安格斯牛雪花（美國/澳洲）、安格斯霜降牛（美國/澳洲）、國產脆皮豬五花、梅花豬肉、國產滑嫩雞腿肉,518,供應中
17,33,晚間套餐,只要安格斯套餐-幼兒,安格斯牛雪花（美國/澳洲）、安格斯霜降牛（美國/澳洲）、國產脆皮豬五花、梅花豬肉、國產滑嫩雞腿肉,229,供應中
17,34,晚間套餐,特賞豚雞套餐-成人,國產脆皮豬五花、梅花豬肉、國產滑嫩雞腿肉,498,供應中
17,35,晚間套餐,特賞豚雞套餐-孩童/銀髮,國產脆皮豬五花、梅花豬肉、國產滑嫩雞腿肉,448,供應中
17,36,晚間套餐,特賞豚雞套餐-幼兒,國產脆皮豬五花、梅花豬肉、國產滑嫩雞腿肉,229,供應中
17,37,單點,日本頂級A5黑毛和牛,限點一盤,459,供應中
17,38,單點,日本ORION生啤酒,,130,供應中
17,39,單點,Red Bull,,59,供應中
17,40,單點,鯛魚燒冰淇淋,,89,供應中
18,1,套餐,強擊の肉,,998,供應中
18,2,套餐,進擊の肉,,798,供應中
18,3,套餐,雷擊の肉,,698,供應中
18,4,套餐,真實の肉,,598,供應中
18,5,大口喝酒,日本ASAHI生啤酒,,129,供應中
18,6,在家追肉,爆量特務牛三拼餐盒,,298,供應中
18,7,在家追肉,飽腹昇龍三拼餐盒,,268,供應中
18,8,在家追肉,肉控必選豚三拼餐盒,,258,供應中
18,9,在家追肉,老饕爆磅助眼餐盒,,368,供應中
18,10,在家追肉,炙燒沙朗牛拼碳式炸雞餐盒,,238,供應中
18,11,在家追肉,秘製昇龍豚拼碳式炸雞餐盒,,218,供應中
18,12,在家追肉,火燒厚籽豬排沙拉,,298,供應中
18,13,在家追肉,炙燒雞腿沙拉,,258,供應中
18,14,在家追肉,沙朗牛炙燒丼握便當 單個,,99,供應中
18,15,在家追肉,沙朗牛炙燒丼握便當 2個,,178,供應中
18,16,在家追肉,泡菜起司雞握便當 單個,,99,供應中
18,17,在家追肉,泡菜起司雞握便當 2個,,178,供應中
18,18,嘴還有點饞,韓式炸雞,,138,供應中
18,19,嘴還有點饞,韓式泡菜,,35,供應中
18,20,嘴還有點饞,經典沙拉,,38,供應中
18,21,嘴還有點饞,白飯,,25,供應中
18,22,嘴還有點饞,精選湯品,,30,供應中
18,23,嘴還有點饞,巧克力布朗尼,,48,供應中
18,24,清涼好冰友,優酪思果乳飲料,,35,供應中
18,25,清涼好冰友,黄金烏龍茶,,30,供應中
19,1,澎派主餐,魚魚雙拼,季節鮮魚 + 鳳螺魚,319,供應中
19,2,澎派主餐,海陸雙拼,梅花豬 + 鳳螺魚,339,供應中
19,3,澎派主餐,豬雞雙拼,雪花豬 + 農場鮮嫩腿肉,349,供應中
19,4,澎派主餐,牛雞雙拼,雪花牛 + 農場鮮嫩腿肉,359,供應中
19,5,澎派主餐,牛豬雙拼,雪花牛 + 雪花豬,369,供應中
19,6,澎派主餐,豪牛加豬,板腱牛 + 雪花豬,399,供應中
19,7,澎派主餐,金賞海陸總匯,雪花牛 + 海鮮拼盤,469,供應中
19,8,尬肉肉,鮮嫩雞腿肉,,339,供應中
19,9,尬肉肉,梅花豬肉,,349,供應中
19,10,尬肉肉,Q皮豬五花,,359,供應中
19,11,尬肉肉,雪花牛肉,,379,供應中
19,12,尬肉肉,紐西蘭小羔羊,,379,供應中
19,13,尬肉肉,板腱牛肉,,399,供應中
19,14,尬肉肉,霜降牛肉,,449,供應中
19,15,尬海鮮,寶島鮮魚,無,289,供應中
19,16,尬海鮮,元氣蝦蛤,無,349,供應中
19,17,尬海鮮,寶島海鮮拚盤,蛤蜊/鮮切魚片/白蘿/蔬菜,369,供應中
19,18,尬海鮮,黑鑽海鮮總匯,蛤蜊/鮮切魚片/黑鑽草蝦/白蘿/蔬菜,459,供應中
19,19,湯底,經典石頭雞湯,,0,供應中
19,20,湯底,爽口鮮菇雞湯,,39,供應中
19,21,湯底,台式沙茶雞湯,,39,供應中
19,22,湯底,濃醇奶香雞湯,,69,供應中
19,23,湯底,蛤蜊絲瓜雞湯,,69,供應中
19,24,湯底,麻辣鍋魂雞湯,,69,供應中
19,25,湯底,剝皮辣椒雞湯,,69,供應中
19,26,湯底,金銀蒜頭蛤蜊雞湯,,69,供應中
19,27,湯底,泰式冬蔭雞湯,,69,供應中
19,28,湯底,台式三杯雞湯,,99,供應中
19,29,副食加購,洗選蛋,,20,供應中
19,30,副食加購,王子麵,,25,供應中
19,31,副食加購,古早味油蔥麵線,,35,供應中
19,32,副食加購,銷魂雞肉飯,,45,供應中
19,33,蔬食火鍋,高纖蔬食鍋,,279,供應中
19,34,套餐加購,尬鍋海鮮拼盤,,168,供應中
19,35,套餐加購,黑鑽海鮮拼盤,,268,供應中
19,36,經典台式熟食,尬個炸蛋,,30,供應中
19,37,經典台式熟食,阿明白糖炸蛋條,,59,供應中
19,38,經典台式熟食,真香鹽酥雞,,109,供應中
19,39,經典台式熟食,主廚特製油蔥雞,,109,供應中
19,40,肉品,鮮嫩雞腿肉,,129,供應中
19,41,肉品,梅花豬肉,,149,供應中
19,42,肉品,Q皮豬五花,,149,供應中
19,43,肉品,雪花牛肉,,169,供應中
19,44,肉品,板腱牛肉,,179,供應中
19,45,肉品,霜降牛肉,,199,供應中
19,46,單品,香菇貢丸,,39,供應中
19,47,單品,當心爆漿起司球,,49,供應中
19,48,單品,芋香貢丸,,49,供應中
19,49,單品,丸在一起,,59,供應中
19,50,單品,芝士蝦堡,,59,供應中
19,51,單品,小農牧場牛肉貢丸,,59,供應中
19,52,單品,鮮切魚片 (8片),,79,供應中
19,53,單品,淡菜 (2顆),,79,供應中
19,54,單品,鮮蝦 (6尾),,79,供應中
19,55,單品,蛤蜊 (8顆),,79,供應中
19,56,單品,黑鑽大草蝦,,199,供應中
19,57,飲品,金牌台灣啤酒,,55,供應中
20,1,套餐,超值雞豚嚮-成人  ,,598,供應中
20,2,套餐,超值雞豚嚮-兒童/銀髮  ,,398,供應中
20,3,套餐,超值雞豚嚮-幼兒  ,,199,供應中
20,4,套餐,好想涮牛肉-成人  ,,698,供應中
20,5,套餐,好想涮牛肉-兒童/銀髮  ,,498,供應中
20,6,套餐,好想涮牛肉-幼兒  ,,199,供應中
20,7,套餐,冠軍和牛嚮-成人  ,,798,供應中
20,8,套餐,冠軍和牛嚮-兒童/銀髮  ,,598,供應中
20,9,套餐,冠軍和牛嚮-幼兒  ,,199,供應中
20,10,套餐,海陸頂級嚮-成人  ,,998,供應中
20,11,套餐,海陸頂級嚮-兒童/銀髮  ,,798,供應中
20,12,套餐,海陸頂級嚮-幼兒  ,,199,供應中
20,13,套餐,極奢A5和牛嚮-成人  ,,1580,供應中
20,14,套餐,極奢A5和牛嚮-兒童/銀髮  ,,1380,供應中
20,15,套餐,極奢A5和牛嚮-幼兒  ,,199,供應中
20,16,湯底,嚮辣和牛油麻辣湯,,0,供應中
20,17,湯底,黃金鮮牛湯,,0,供應中
20,18,湯底,蒜香老母雞湯,,0,供應中
20,19,湯底,養顏番茄湯,,0,供應中
20,20,湯底,蕈菇蔬菜湯,,0,供應中
20,21,肉類加點,日本極奢A5和牛,,459,供應中
20,22,肉類加點,日本F1國產牛,,399,供應中
20,23,肉類加點,濕式熟成冷藏牛,,399,供應中
21,1,套餐,阪前和牛套餐,含先付、湯品、海鮮、季節時蔬、肉料理、炒飯、甜點,1880,供應中
21,2,先付,炙燒和牛玉味噌,,160,供應中
21,3,先付,松葉蟹山藥冷豆腐,,160,供應中
21,4,湯品,和牛清湯,,160,供應中
21,5,湯品,秋旬鮮魚湯,,160,供應中
21,6,湯品,時令湯品,,160,供應中
21,7,海鮮,龍蝦二吃｜半隻,,680,供應中
21,8,海鮮,酒蒸鮑魚地瓜燒,,460,供應中
21,9,海鮮,蟹膏墨雲干貝,,280,供應中
21,10,海鮮,香煎時令鮮魚,,560,供應中
21,11,季節時蔬,季節時蔬,,120,供應中
21,12,肉料理,日本A5黑毛和牛,,760,供應中
21,13,肉料理,澳洲M8-9和牛名物三品,,560,供應中
21,14,肉料理,伊比利豬名物三品,,760,供應中
21,15,肉料理,熟成櫻桃鴨胸,,560,供應中
21,16,炒飯,松露野薑和牛炒飯,,280,供應中
21,17,甜點,鹿兒島焙茶蕨餅,,160,供應中
21,18,甜點,沖繩黑糖黃豆冰,,160,供應中
21,19,單杯酒,奧之松金紋清酒（壺 冰/熱）,,280,供應中
21,20,單杯酒,加賀鶴梅酒,,260,供應中
21,21,單杯酒,月山月柚K.粕取燒酎柚子酒,,260,供應中
21,22,單杯酒,星夜酒莊卡本內梅洛紅葡萄酒,,220,供應中
21,23,單杯酒,鑑賞家酒莊拓克諾夏多內白葡萄酒,,180,供應中
21,24,單杯酒,日本農園蘋果氣泡酒,,160,供應中
21,25,單杯酒,Orion 啤酒,,180,供應中
21,26,單杯酒,三得利頂級啤酒,,180,供應中
21,27,單杯酒,越後白啤酒（500ml/瓶）,,280,供應中
21,28,日本酒,獺祭二割三分純米大吟釀,,2280,供應中
21,29,日本酒,芳純粹純米大吟釀,,1680,供應中
21,30,日本酒,七賢純米生酒,,1180,供應中
21,31,日本酒,賀茂鶴一滴入魂純米吟釀,,1080,供應中
21,32,日本酒,小西冷榨大吟釀金,,980,供應中
21,33,日本酒,浜福鶴備前雄町大吟釀,,980,供應中
21,34,日本酒,白鶴淡雪氣泡清酒,,680,供應中
21,35,氣泡酒,Bodegas Ruiz Torres Sierra de Guadalupe Cava Sec （西班牙）,,980,供應中
21,36,白酒,Corryton Burge 5th Australian Chardonnay （澳洲 巴羅莎河谷）,,1080,供應中
21,37,白酒,Montes Classic Sauvignon Blanc （智利 中央谷地）,,1480,供應中
21,38,紅酒,Vicomte Roger Merlot Syrah Igp Pays Doc （法國）,,1280,供應中
21,39,紅酒,M. Chapoutier Bila Haut Côtes du Roussillon Village Rouge （法國）,,1280,供應中
21,40,紅酒,"Domaine Gardiés Côtes du Roussillon ""Mas Las Cabes"" Rouge （法國）",,1680,供應中
21,41,甜白酒,Künstler Estate Riesling （德國 萊茵高）,,1380,供應中
21,42,飲品,木村完熟白桃汽水,,170,供應中
21,43,飲品,日本青森蘋果汁,,120,供應中
21,44,飲品,Coca-Cola 可口可樂,,120,供應中
21,45,飲品,Vichy Catalan 氣泡礦泉水,,120,供應中
21,46,飲品,Lauretana 天然冰河水,,120,供應中
23,1,套餐,法蘭克牛排海陸套餐,含季節鮮魚+香煎白蝦,488,供應中
23,2,套餐,沙朗牛排海陸套餐,含季節鮮魚+香煎白蝦,498,供應中
23,3,套餐,菲力牛排海陸套餐,含季節鮮魚+香煎白蝦,528,供應中
23,4,套餐,原塊牛排海陸套餐,含季節鮮魚+香煎白蝦,458,供應中
23,5,套餐,香酥雞腿排海陸套餐,含季節鮮魚+香煎白蝦,408,供應中
23,6,套餐,嫩煎雪花豚海陸套餐,含季節鮮魚+香煎白蝦,408,供應中
23,7,套餐,法蘭克牛排 + 香酥雞腿排雙人海陸套餐,含季節鮮魚+香煎白蝦+扇貝,868,供應中
23,8,套餐,原塊牛排 + 香酥雞腿排雙人海陸套餐,含季節鮮魚+香煎白蝦+扇貝,798,供應中
23,9,套餐,菲力牛排 + 香酥雞腿排雙人海陸套餐,含季節鮮魚+香煎白蝦+干貝,968,供應中
23,10,套餐,菲力牛排 + 法蘭克牛排雙人海陸套餐,含季節鮮魚+香煎白蝦+干貝,1098,供應中
23,11,套餐,沙朗牛排,,408,供應中
23,12,套餐,法蘭克牛排,,398,供應中
23,13,套餐,激量法蘭克牛排,,468,供應中
23,14,套餐,菲力牛排,,438,供應中
23,15,套餐,原塊牛排,,368,供應中
23,16,套餐,香酥雞腿排,,318,供應中
23,17,套餐,嫩煎雪花豚,,318,供應中
23,18,套餐,時令海鮮總匯,,368,供應中
23,19,套餐,平日超值套餐-豬,醬炒梅花豬肉+蔥蛋,288,供應中
23,20,套餐,平日超值套餐-牛,醬炒雪花牛肉+蔥蛋,288,供應中
23,21,特色單點,台味蘿蔔糕,,58,供應中
23,22,特色單點,海鮮炒泡麵,,88,供應中
23,23,特色單點,蒜香金沙豆腐,,88,供應中
23,24,特色單點,起司奶油玉米,,58,供應中
23,25,特色單點,蔥絲起司蛋捲,,78,供應中
23,26,特色單點,金沙杏鮑菇,,68,供應中
23,27,特色單點,椒麻豆皮,,68,供應中
23,28,特色單點,極鮮海味蛋捲,,88,供應中
23,29,特色單點,香煎日本北海道干貝,,98,供應中
23,30,特色單點,塔香鹽酥雞,,128,供應中
23,31,特色單點,香煎比目魚,,128,供應中
23,32,特色單點,鹽燒扇貝,,108,供應中
23,33,特色單點,香煎大蝦,,128,供應中
24,1,套餐,金嘟好小豬雙人套餐,含肉品、沙拉、副食*3,998,供應中
24,2,套餐,金多肉小豬雙人套餐,含肉品、沙拉、副食*3,1198,供應中
24,3,套餐,金多肉小豬三人套餐,含肉品、沙拉、副食*4,1798,供應中
24,4,套餐,金咕棒牛豬雙人套餐,含肉品、沙拉、副食*3,1398,供應中
24,5,套餐,金咕棒牛豬三人套餐,含肉品、沙拉、副食*4,2098,供應中
24,6,套餐,金大發牛豬雙人套餐,含肉品、沙拉、副食*3,1598,供應中
24,7,套餐,金大發牛豬三人套餐,含肉品、沙拉、副食*4,2398,供應中
24,8,肉品單點,無骨雞腿,,160,供應中
24,9,肉品單點,啤波跳豬皮,,220,供應中
24,10,肉品單點,國產豬五花,,260,供應中
24,11,肉品單點,嚴選豬梅花,,260,供應中
24,12,肉品單點,松阪豬,,300,供應中
24,13,肉品單點,特選牛腹肉,,300,供應中
24,14,肉品單點,秘製韓醬牛板腱,,480,供應中
24,15,套餐副食,韓式泡菜豆腐鍋,,0,供應中
24,16,套餐副食,歐巴部隊鍋,,0,供應中
24,17,套餐副食,海鮮椒豆腐鍋,,0,供應中
24,18,套餐副食,辣炒咬咬年糕,,0,供應中
24,19,套餐副食,經典泡菜煎餅,,0,供應中
24,20,套餐副食,大發海鮮煎餅,,0,供應中
24,21,套餐副食,爆炸玉米蒸蛋,,0,供應中
24,22,套餐副食,濃郁黑胡椒拌麵,,0,供應中
24,23,套餐副食,海苔芝麻拌飯,,0,供應中
24,24,套餐副食,五色糯糯拌飯,,0,供應中
24,25,韓系飲料,可樂,,40,供應中
24,26,韓系飲料,雪碧,,40,供應中
24,27,韓系飲料,水梨汁,,60,供應中
24,28,韓系飲料,葡萄汁,,60,供應中
24,29,韓系飲料,優格氣泡飲,,60,供應中
24,30,韓系飲料,Lotte優格冰沙,,69,供應中
24,31,韓系飲料,香蕉牛奶,,70,供應中
24,32,醉韓酒單,CASS啤酒,,160,供應中
24,33,醉韓酒單,真露復古風燒酒,,220,供應中
24,34,醉韓酒單,梅子燒酒,,250,供應中
24,35,醉韓酒單,青葡萄燒酒,,250,供應中
24,36,醉韓酒單,水蜜桃馬格利,,280,供應中
